AM Stress,AM Hunger,AM Sleep,AM Sleep hours,AM Weight,Percent Weight change (from prev week),Percent Weight change (from prev day),PM Stress,EVE Stress,Number of Episodes Previous Day
0.0808510528331,0.0415518626695,0.121147312582,0.101532137244,0.117796389655,0.121799306646,0.115560662734,0.0882596921109,0.126468943795,0.0850326397318
