"Accuracy","AccuracySynth","Precision","PrecisionSynth","Recall","RecallSynth","Fallout","FalloutSynth","FMeasure","FMeasureSynth","AUC","AUCSynth"
0.666666666666667,0.666666666666667,0.8,0.8,0.5,0.5,0.142857142857143,0.142857142857143,0.615384615384615,0.615384615384615,0.678571428571429,0.678571428571429
0.4,0.466666666666667,0.428571428571429,0.5,0.375,0.5,0.571428571428571,0.571428571428571,0.4,0.5,0.401785714285714,0.464285714285714
0.642857142857143,0.714285714285714,0.625,0.666666666666667,0.714285714285714,0.857142857142857,0.428571428571429,0.428571428571429,0.666666666666667,0.75,0.642857142857143,0.714285714285714
0.6,0.666666666666667,0.583333333333333,0.666666666666667,0.875,0.75,0.714285714285714,0.428571428571429,0.7,0.705882352941177,0.580357142857143,0.660714285714286
0.25,0.25,0.166666666666667,0.166666666666667,0.125,0.125,0.625,0.625,0.142857142857143,0.142857142857143,0.25,0.25
