"Accuracy","AccuracySynth","Precision","PrecisionSynth","Recall","RecallSynth","Fallout","FalloutSynth","FMeasure","FMeasureSynth","AUC","AUCSynth"
0.846153846153846,0.846153846153846,0.846153846153846,0.846153846153846,1,1,1,1,0.916666666666667,0.916666666666667,0.5,0.5
0.846153846153846,0.846153846153846,0.846153846153846,0.846153846153846,1,1,1,1,0.916666666666667,0.916666666666667,0.5,0.5
0.615384615384615,0.615384615384615,0.8,0.8,0.727272727272727,0.727272727272727,1,1,0.761904761904762,0.761904761904762,0.363636363636364,0.363636363636364
0.8,0.8,0.8,0.8,1,1,1,1,0.888888888888889,0.888888888888889,0.5,0.5
0.857142857142857,0.785714285714286,0.857142857142857,0.846153846153846,1,0.916666666666667,1,1,0.923076923076923,0.88,0.5,0.458333333333333
