"Accuracy","AccuracySynth","Precision","PrecisionSynth","Recall","RecallSynth","Fallout","FalloutSynth","FMeasure","FMeasureSynth","AUC","AUCSynth"
0.8,0.6,0.8,0.75,1,0.75,1,1,0.888888888888889,0.75,0.5,0.375
0.8,0.8,0.8,0.8,1,1,1,1,0.888888888888889,0.888888888888889,0.5,0.5
0.857142857142857,0.714285714285714,0.857142857142857,0.833333333333333,1,0.833333333333333,1,1,0.923076923076923,0.833333333333333,0.5,0.416666666666667
0.8125,0.75,0.8125,0.8,1,0.923076923076923,1,1,0.896551724137931,0.857142857142857,0.5,0.461538461538462
0.8,0.666666666666667,0.8,0.769230769230769,1,0.833333333333333,1,1,0.888888888888889,0.8,0.5,0.416666666666667
