"Accuracy","AccuracySynth","Precision","PrecisionSynth","Recall","RecallSynth","Fallout","FalloutSynth","FMeasure","FMeasureSynth","AUC","AUCSynth"
0.538461538461538,0.692307692307692,0.666666666666667,0.727272727272727,0.666666666666667,0.888888888888889,0.75,0.75,0.666666666666667,0.8,0.458333333333333,0.569444444444444
0.5,0.642857142857143,0.75,1,0.333333333333333,0.444444444444444,0.2,0,0.461538461538462,0.615384615384615,0.566666666666667,0.722222222222222
0.928571428571429,1,1,1,0.9,1,0,0,0.947368421052632,1,0.95,1
0.571428571428571,0.571428571428571,0.615384615384615,0.615384615384615,0.888888888888889,0.888888888888889,1,1,0.727272727272727,0.727272727272727,0.444444444444444,0.444444444444444
0.714285714285714,0.642857142857143,0.777777777777778,0.833333333333333,0.777777777777778,0.555555555555556,0.4,0.2,0.777777777777778,0.666666666666667,0.688888888888889,0.677777777777778
