"Accuracy","AccuracySynth","Precision","PrecisionSynth","Recall","RecallSynth","Fallout","FalloutSynth","FMeasure","FMeasureSynth","AUC","AUCSynth"
0.931034482758621,0.931034482758621,0.931034482758621,0.931034482758621,1,1,1,1,0.964285714285714,0.964285714285714,0.5,0.5
0.928571428571429,0.928571428571429,0.928571428571429,0.928571428571429,1,1,1,1,0.962962962962963,0.962962962962963,0.5,0.5
0.928571428571429,0.928571428571429,0.928571428571429,0.928571428571429,1,1,1,1,0.962962962962963,0.962962962962963,0.5,0.5
0.931034482758621,0.931034482758621,0.931034482758621,0.931034482758621,1,1,1,1,0.964285714285714,0.964285714285714,0.5,0.5
0.931034482758621,0.931034482758621,0.931034482758621,0.931034482758621,1,1,1,1,0.964285714285714,0.964285714285714,0.5,0.5
