"Accuracy","AccuracySynth","Precision","PrecisionSynth","Recall","RecallSynth","Fallout","FalloutSynth","FMeasure","FMeasureSynth","AUC","AUCSynth"
0.428571428571429,0.642857142857143,0.571428571428571,0.642857142857143,0.444444444444444,1,0.6,1,0.5,0.782608695652174,0.422222222222222,0.5
0.533333333333333,0.533333333333333,0.615384615384615,0.615384615384615,0.8,0.8,1,1,0.695652173913043,0.695652173913043,0.4,0.4
0.8,0.8,0.769230769230769,0.769230769230769,1,1,0.6,0.6,0.869565217391304,0.869565217391304,0.7,0.7
0.6,0.666666666666667,0.642857142857143,0.692307692307692,0.9,0.9,1,0.8,0.75,0.782608695652174,0.45,0.55
0.666666666666667,0.666666666666667,0.727272727272727,0.727272727272727,0.8,0.8,0.6,0.6,0.761904761904762,0.761904761904762,0.6,0.6
