"Accuracy","AccuracySynth","Precision","PrecisionSynth","Recall","RecallSynth","Fallout","FalloutSynth","FMeasure","FMeasureSynth","AUC","AUCSynth"
0.625,0.5625,0.555555555555556,0.5,0.714285714285714,0.428571428571429,0.444444444444444,0.333333333333333,0.625,0.461538461538462,0.634920634920635,0.547619047619048
0.375,0.375,0.285714285714286,0.285714285714286,0.285714285714286,0.285714285714286,0.555555555555556,0.555555555555556,0.285714285714286,0.285714285714286,0.365079365079365,0.365079365079365
0.466666666666667,0.466666666666667,0.428571428571429,0.428571428571429,0.428571428571429,0.428571428571429,0.5,0.5,0.428571428571429,0.428571428571429,0.464285714285714,0.464285714285714
0.666666666666667,0.666666666666667,0.625,0.625,0.714285714285714,0.714285714285714,0.375,0.375,0.666666666666667,0.666666666666667,0.669642857142857,0.669642857142857
0.428571428571429,0.571428571428571,0.416666666666667,0.5,0.833333333333333,0.833333333333333,0.875,0.625,0.555555555555556,0.625,0.479166666666667,0.604166666666667
