"Accuracy","AccuracySynth","Precision","PrecisionSynth","Recall","RecallSynth","Fallout","FalloutSynth","FMeasure","FMeasureSynth","AUC","AUCSynth"
0.714285714285714,0.428571428571429,0.714285714285714,0.666666666666667,1,0.4,1,0.5,0.833333333333333,0.5,0.5,0.45
0.714285714285714,0.571428571428571,0.714285714285714,0.75,1,0.6,1,0.5,0.833333333333333,0.666666666666667,0.5,0.55
0.714285714285714,0.714285714285714,0.714285714285714,0.714285714285714,1,1,1,1,0.833333333333333,0.833333333333333,0.5,0.5
0.75,0.5,0.75,0.75,1,0.5,1,0.5,0.857142857142857,0.6,0.5,0.5
0.714285714285714,0.714285714285714,0.8,0.8,0.8,0.8,0.5,0.5,0.8,0.8,0.65,0.65
