"Accuracy","AccuracySynth","Precision","PrecisionSynth","Recall","RecallSynth","Fallout","FalloutSynth","FMeasure","FMeasureSynth","AUC","AUCSynth"
0.833333333333333,0.833333333333333,0.833333333333333,0.833333333333333,1,1,1,1,0.909090909090909,0.909090909090909,0.5,0.5
0.846153846153846,0.846153846153846,0.846153846153846,0.846153846153846,1,1,1,1,0.916666666666667,0.916666666666667,0.5,0.5
0.833333333333333,0.833333333333333,0.833333333333333,0.833333333333333,1,1,1,1,0.909090909090909,0.909090909090909,0.5,0.5
0.714285714285714,0.714285714285714,0.769230769230769,0.769230769230769,0.909090909090909,0.909090909090909,1,1,0.833333333333333,0.833333333333333,0.454545454545455,0.454545454545455
0.75,0.75,0.818181818181818,0.818181818181818,0.9,0.9,1,1,0.857142857142857,0.857142857142857,0.45,0.45
