"Accuracy","AccuracySynth","Precision","PrecisionSynth","Recall","RecallSynth","Fallout","FalloutSynth","FMeasure","FMeasureSynth","AUC","AUCSynth"
0.761904761904762,0.857142857142857,0.789473684210526,0.882352941176471,0.9375,0.9375,0.8,0.4,0.857142857142857,0.909090909090909,0.56875,0.76875
0.772727272727273,0.727272727272727,0.772727272727273,0.761904761904762,1,0.941176470588235,1,1,0.871794871794872,0.842105263157895,0.5,0.470588235294118
0.818181818181818,0.636363636363636,0.80952380952381,0.764705882352941,1,0.764705882352941,0.8,0.8,0.894736842105263,0.764705882352941,0.6,0.482352941176471
0.782608695652174,0.782608695652174,0.772727272727273,0.8,1,0.941176470588235,0.833333333333333,0.666666666666667,0.871794871794872,0.864864864864865,0.583333333333333,0.637254901960784
0.782608695652174,0.695652173913043,0.8,0.777777777777778,0.941176470588235,0.823529411764706,0.666666666666667,0.666666666666667,0.864864864864865,0.8,0.637254901960784,0.57843137254902
