"Accuracy","AccuracySynth","Precision","PrecisionSynth","Recall","RecallSynth","Fallout","FalloutSynth","FMeasure","FMeasureSynth","AUC","AUCSynth"
0.444444444444444,0.444444444444444,0.533333333333333,0.533333333333333,0.727272727272727,0.727272727272727,1,1,0.615384615384615,0.615384615384615,0.363636363636364,0.363636363636364
0.5625,0.4375,0.666666666666667,0.555555555555556,0.6,0.5,0.5,0.666666666666667,0.631578947368421,0.526315789473684,0.55,0.416666666666667
0.375,0.375,0.5,0.5,0.4,0.4,0.666666666666667,0.666666666666667,0.444444444444444,0.444444444444444,0.366666666666667,0.366666666666667
0.555555555555556,0.5,0.6,0.5625,0.818181818181818,0.818181818181818,0.857142857142857,1,0.692307692307692,0.666666666666667,0.48051948051948,0.409090909090909
0.444444444444444,0.444444444444444,0.538461538461538,0.538461538461538,0.636363636363636,0.636363636363636,0.857142857142857,0.857142857142857,0.583333333333333,0.583333333333333,0.38961038961039,0.38961038961039
