"Accuracy","AccuracySynth","Precision","PrecisionSynth","Recall","RecallSynth","Fallout","FalloutSynth","FMeasure","FMeasureSynth","AUC","AUCSynth"
0.714285714285714,0.785714285714286,0.818181818181818,0.785714285714286,0.818181818181818,1,0.666666666666667,1,0.818181818181818,0.88,0.575757575757576,0.5
0.642857142857143,0.642857142857143,0.75,0.75,0.818181818181818,0.818181818181818,1,1,0.782608695652174,0.782608695652174,0.409090909090909,0.409090909090909
0.8,0.733333333333333,0.785714285714286,0.733333333333333,1,1,0.75,1,0.88,0.846153846153846,0.625,0.5
0.8,0.533333333333333,0.846153846153846,0.777777777777778,0.916666666666667,0.583333333333333,0.666666666666667,0.666666666666667,0.88,0.666666666666667,0.625,0.458333333333333
0.75,0.75,0.75,0.75,1,1,1,1,0.857142857142857,0.857142857142857,0.5,0.5
